name,iterations,real_time,cpu_time,time_unit,bytes_per_second,items_per_second,label,error_occurred,error_message
"BM_slow_crc32/8",10337809,64.7135,64.6533,ns,,,,,
"BM_slow_crc32/8",10337809,61.8879,61.8595,ns,,,,,
"BM_slow_crc32/8",10337809,63.8616,63.8552,ns,,,,,
"BM_slow_crc32/8",10337809,66.221,66.191,ns,,,,,
"BM_slow_crc32/8",10337809,62.4302,62.402,ns,,,,,
"BM_slow_crc32/8",10337809,63.0747,63.0736,ns,,,,,
"BM_slow_crc32/8",10337809,59.073,59.0449,ns,,,,,
"BM_slow_crc32/8",10337809,60.5133,60.4567,ns,,,,,
"BM_slow_crc32/8",10337809,61.138,61.137,ns,,,,,
"BM_slow_crc32/8",10337809,61.5677,61.5191,ns,,,,,
"BM_slow_crc32/8_mean",10337809,62.4481,62.4192,ns,,,,,
"BM_slow_crc32/8_median",10337809,62.1591,62.1307,ns,,,,,
"BM_slow_crc32/8_stddev",10337809,2.10023,2.10061,ns,,,,,
"BM_slow_crc32/16",6267492,116.117,116.068,ns,,,,,
"BM_slow_crc32/16",6267492,118.138,118.132,ns,,,,,
"BM_slow_crc32/16",6267492,118.999,118.92,ns,,,,,
"BM_slow_crc32/16",6267492,115.622,115.562,ns,,,,,
"BM_slow_crc32/16",6267492,112.627,112.624,ns,,,,,
"BM_slow_crc32/16",6267492,112.574,112.569,ns,,,,,
"BM_slow_crc32/16",6267492,114.661,114.574,ns,,,,,
"BM_slow_crc32/16",6267492,113.922,113.802,ns,,,,,
"BM_slow_crc32/16",6267492,120.035,120.015,ns,,,,,
"BM_slow_crc32/16",6267492,116.706,116.696,ns,,,,,
"BM_slow_crc32/16_mean",6267492,115.94,115.896,ns,,,,,
"BM_slow_crc32/16_median",6267492,115.87,115.815,ns,,,,,
"BM_slow_crc32/16_stddev",6267492,2.57521,2.57777,ns,,,,,
"BM_slow_crc32/32",3063827,223.942,223.913,ns,,,,,
"BM_slow_crc32/32",3063827,232.025,232.009,ns,,,,,
"BM_slow_crc32/32",3063827,217.986,217.969,ns,,,,,
"BM_slow_crc32/32",3063827,230.265,230.242,ns,,,,,
"BM_slow_crc32/32",3063827,221.631,221.61,ns,,,,,
"BM_slow_crc32/32",3063827,222.775,222.764,ns,,,,,
"BM_slow_crc32/32",3063827,219.265,219.247,ns,,,,,
"BM_slow_crc32/32",3063827,225.207,225.196,ns,,,,,
"BM_slow_crc32/32",3063827,236.746,236.714,ns,,,,,
"BM_slow_crc32/32",3063827,229.59,229.567,ns,,,,,
"BM_slow_crc32/32_mean",3063827,225.943,225.923,ns,,,,,
"BM_slow_crc32/32_median",3063827,224.574,224.554,ns,,,,,
"BM_slow_crc32/32_stddev",3063827,6.02538,6.02218,ns,,,,,
"BM_slow_crc32/64",1613167,442.511,442.451,ns,,,,,
"BM_slow_crc32/64",1613167,458.924,458.862,ns,,,,,
"BM_slow_crc32/64",1613167,446.272,446.213,ns,,,,,
"BM_slow_crc32/64",1613167,443.803,443.734,ns,,,,,
"BM_slow_crc32/64",1613167,434.496,434.451,ns,,,,,
"BM_slow_crc32/64",1613167,450.576,450.471,ns,,,,,
"BM_slow_crc32/64",1613167,488.167,488.021,ns,,,,,
"BM_slow_crc32/64",1613167,480.456,480.218,ns,,,,,
"BM_slow_crc32/64",1613167,458.131,457.988,ns,,,,,
"BM_slow_crc32/64",1613167,432.265,432.234,ns,,,,,
"BM_slow_crc32/64_mean",1613167,453.56,453.464,ns,,,,,
"BM_slow_crc32/64_median",1613167,448.424,448.342,ns,,,,,
"BM_slow_crc32/64_stddev",1613167,18.4601,18.4068,ns,,,,,
"BM_slow_crc32/128",789880,870.006,869.897,ns,,,,,
"BM_slow_crc32/128",789880,888.173,888.029,ns,,,,,
"BM_slow_crc32/128",789880,886.147,886.042,ns,,,,,
"BM_slow_crc32/128",789880,917.777,917.528,ns,,,,,
"BM_slow_crc32/128",789880,915.835,915.625,ns,,,,,
"BM_slow_crc32/128",789880,874.398,874.309,ns,,,,,
"BM_slow_crc32/128",789880,862.084,861.981,ns,,,,,
"BM_slow_crc32/128",789880,875.864,875.775,ns,,,,,
"BM_slow_crc32/128",789880,875.748,875.642,ns,,,,,
"BM_slow_crc32/128",789880,889.55,889.418,ns,,,,,
"BM_slow_crc32/128_mean",789880,885.558,885.425,ns,,,,,
"BM_slow_crc32/128_median",789880,881.005,880.908,ns,,,,,
"BM_slow_crc32/128_stddev",789880,18.5159,18.4659,ns,,,,,
"BM_slow_crc32/256",382200,1764.34,1764.09,ns,,,,,
"BM_slow_crc32/256",382200,1760.05,1759.88,ns,,,,,
"BM_slow_crc32/256",382200,1804.03,1803.73,ns,,,,,
"BM_slow_crc32/256",382200,1803.06,1802.72,ns,,,,,
"BM_slow_crc32/256",382200,1783.75,1783.38,ns,,,,,
"BM_slow_crc32/256",382200,1799.11,1798.67,ns,,,,,
"BM_slow_crc32/256",382200,1776.16,1775.95,ns,,,,,
"BM_slow_crc32/256",382200,1764.8,1764.54,ns,,,,,
"BM_slow_crc32/256",382200,1726.86,1726.7,ns,,,,,
"BM_slow_crc32/256",382200,1773.93,1773.65,ns,,,,,
"BM_slow_crc32/256_mean",382200,1775.61,1775.33,ns,,,,,
"BM_slow_crc32/256_median",382200,1775.04,1774.8,ns,,,,,
"BM_slow_crc32/256_stddev",382200,23.6771,23.6079,ns,,,,,
"BM_slow_crc32/512",201573,3622.69,3621.76,ns,,,,,
"BM_slow_crc32/512",201573,3966.87,3965.6,ns,,,,,
"BM_slow_crc32/512",201573,3585.39,3584.5,ns,,,,,
"BM_slow_crc32/512",201573,3432.19,3431.92,ns,,,,,
"BM_slow_crc32/512",201573,3726.22,3725.85,ns,,,,,
"BM_slow_crc32/512",201573,3844.37,3844.05,ns,,,,,
"BM_slow_crc32/512",201573,3485.92,3485.75,ns,,,,,
"BM_slow_crc32/512",201573,3576.98,3576.89,ns,,,,,
"BM_slow_crc32/512",201573,3726.62,3726.56,ns,,,,,
"BM_slow_crc32/512",201573,3834.17,3833.96,ns,,,,,
"BM_slow_crc32/512_mean",201573,3680.14,3679.68,ns,,,,,
"BM_slow_crc32/512_median",201573,3674.46,3673.8,ns,,,,,
"BM_slow_crc32/512_stddev",201573,169.743,169.597,ns,,,,,
"BM_slow_crc32/1024",75022,7438.94,7438.84,ns,,,,,
"BM_slow_crc32/1024",75022,7656.43,7655.8,ns,,,,,
"BM_slow_crc32/1024",75022,7932.49,7931.22,ns,,,,,
"BM_slow_crc32/1024",75022,8146.06,8145.82,ns,,,,,
"BM_slow_crc32/1024",75022,7754.98,7754.86,ns,,,,,
"BM_slow_crc32/1024",75022,7794.37,7794.13,ns,,,,,
"BM_slow_crc32/1024",75022,7837.84,7837.73,ns,,,,,
"BM_slow_crc32/1024",75022,8942.06,8939.68,ns,,,,,
"BM_slow_crc32/1024",75022,8080.33,8079.91,ns,,,,,
"BM_slow_crc32/1024",75022,7631.45,7631.32,ns,,,,,
"BM_slow_crc32/1024_mean",75022,7921.49,7920.93,ns,,,,,
"BM_slow_crc32/1024_median",75022,7816.1,7815.93,ns,,,,,
"BM_slow_crc32/1024_stddev",75022,415.728,415.127,ns,,,,,
"BM_slow_crc32/2048",14392,49351.9,49350.7,ns,,,,,
"BM_slow_crc32/2048",14392,50285.2,50278.3,ns,,,,,
"BM_slow_crc32/2048",14392,51266.8,51264.5,ns,,,,,
"BM_slow_crc32/2048",14392,49993.2,49990.2,ns,,,,,
"BM_slow_crc32/2048",14392,50581.7,50580.4,ns,,,,,
"BM_slow_crc32/2048",14392,49389,49388.2,ns,,,,,
"BM_slow_crc32/2048",14392,48164.3,48163.5,ns,,,,,
"BM_slow_crc32/2048",14392,47346.2,47345.4,ns,,,,,
"BM_slow_crc32/2048",14392,48456.7,48455.5,ns,,,,,
"BM_slow_crc32/2048",14392,48498.8,48497.2,ns,,,,,
"BM_slow_crc32/2048_mean",14392,49333.4,49331.4,ns,,,,,
"BM_slow_crc32/2048_median",14392,49370.4,49369.4,ns,,,,,
"BM_slow_crc32/2048_stddev",14392,1221.2,1220.31,ns,,,,,
"BM_slow_crc32/4096",5561,125405,125387,ns,,,,,
"BM_slow_crc32/4096",5561,135954,135933,ns,,,,,
"BM_slow_crc32/4096",5561,128650,128648,ns,,,,,
"BM_slow_crc32/4096",5561,124860,124856,ns,,,,,
"BM_slow_crc32/4096",5561,137690,137518,ns,,,,,
"BM_slow_crc32/4096",5561,128023,127977,ns,,,,,
"BM_slow_crc32/4096",5561,129606,129599,ns,,,,,
"BM_slow_crc32/4096",5561,125429,125418,ns,,,,,
"BM_slow_crc32/4096",5561,123842,123838,ns,,,,,
"BM_slow_crc32/4096",5561,127128,127126,ns,,,,,
"BM_slow_crc32/4096_mean",5561,128659,128630,ns,,,,,
"BM_slow_crc32/4096_median",5561,127575,127551,ns,,,,,
"BM_slow_crc32/4096_stddev",5561,4679.62,4642.93,ns,,,,,
"BM_slow_crc32/8192",2509,266359,266347,ns,,,,,
"BM_slow_crc32/8192",2509,260317,260282,ns,,,,,
"BM_slow_crc32/8192",2509,257965,257956,ns,,,,,
"BM_slow_crc32/8192",2509,254628,254624,ns,,,,,
"BM_slow_crc32/8192",2509,258078,258074,ns,,,,,
"BM_slow_crc32/8192",2509,267141,267122,ns,,,,,
"BM_slow_crc32/8192",2509,251317,251305,ns,,,,,
"BM_slow_crc32/8192",2509,259910,259903,ns,,,,,
"BM_slow_crc32/8192",2509,256171,256167,ns,,,,,
"BM_slow_crc32/8192",2509,269232,268783,ns,,,,,
"BM_slow_crc32/8192_mean",2509,260112,260056,ns,,,,,
"BM_slow_crc32/8192_median",2509,258994,258989,ns,,,,,
"BM_slow_crc32/8192_stddev",2509,5805.85,5728.13,ns,,,,,
"BM_slow_crc32/16384",1115,570834,570517,ns,,,,,
"BM_slow_crc32/16384",1115,611820,611312,ns,,,,,
"BM_slow_crc32/16384",1115,549586,549551,ns,,,,,
"BM_slow_crc32/16384",1115,539060,539051,ns,,,,,
"BM_slow_crc32/16384",1115,545942,545933,ns,,,,,
"BM_slow_crc32/16384",1115,537519,537498,ns,,,,,
"BM_slow_crc32/16384",1115,532108,532093,ns,,,,,
"BM_slow_crc32/16384",1115,547606,547596,ns,,,,,
"BM_slow_crc32/16384",1115,536737,536725,ns,,,,,
"BM_slow_crc32/16384",1115,542395,542386,ns,,,,,
"BM_slow_crc32/16384_mean",1115,551361,551266,ns,,,,,
"BM_slow_crc32/16384_median",1115,544168,544159,ns,,,,,
"BM_slow_crc32/16384_stddev",1115,23779.1,23611.9,ns,,,,,
"BM_slow_crc32/32768",643,1.11824e+06,1.11821e+06,ns,,,,,
"BM_slow_crc32/32768",643,1.14347e+06,1.14329e+06,ns,,,,,
"BM_slow_crc32/32768",643,1.13049e+06,1.13047e+06,ns,,,,,
"BM_slow_crc32/32768",643,1.16954e+06,1.16951e+06,ns,,,,,
"BM_slow_crc32/32768",643,1.09991e+06,1.09989e+06,ns,,,,,
"BM_slow_crc32/32768",643,1.1188e+06,1.11877e+06,ns,,,,,
"BM_slow_crc32/32768",643,1.09927e+06,1.09926e+06,ns,,,,,
"BM_slow_crc32/32768",643,1.12687e+06,1.12685e+06,ns,,,,,
"BM_slow_crc32/32768",643,1.1288e+06,1.12875e+06,ns,,,,,
"BM_slow_crc32/32768",643,1.15045e+06,1.15042e+06,ns,,,,,
"BM_slow_crc32/32768_mean",643,1.12859e+06,1.12854e+06,ns,,,,,
"BM_slow_crc32/32768_median",643,1.12784e+06,1.1278e+06,ns,,,,,
"BM_slow_crc32/32768_stddev",643,21776,21760.9,ns,,,,,
"BM_slow_crc32/65536",300,2.22908e+06,2.229e+06,ns,,,,,
"BM_slow_crc32/65536",300,2.32347e+06,2.32343e+06,ns,,,,,
"BM_slow_crc32/65536",300,2.22902e+06,2.22896e+06,ns,,,,,
"BM_slow_crc32/65536",300,2.20988e+06,2.20984e+06,ns,,,,,
"BM_slow_crc32/65536",300,2.19796e+06,2.19792e+06,ns,,,,,
"BM_slow_crc32/65536",300,2.26829e+06,2.26814e+06,ns,,,,,
"BM_slow_crc32/65536",300,2.27455e+06,2.27434e+06,ns,,,,,
"BM_slow_crc32/65536",300,2.22e+06,2.21994e+06,ns,,,,,
"BM_slow_crc32/65536",300,2.22494e+06,2.22488e+06,ns,,,,,
"BM_slow_crc32/65536",300,2.24686e+06,2.24677e+06,ns,,,,,
"BM_slow_crc32/65536_mean",300,2.24241e+06,2.24232e+06,ns,,,,,
"BM_slow_crc32/65536_median",300,2.22905e+06,2.22898e+06,ns,,,,,
"BM_slow_crc32/65536_stddev",300,37255.9,37233.9,ns,,,,,
"BM_slow_crc32/131072",152,4.67545e+06,4.6753e+06,ns,,,,,
"BM_slow_crc32/131072",152,4.46851e+06,4.46838e+06,ns,,,,,
"BM_slow_crc32/131072",152,4.55293e+06,4.55258e+06,ns,,,,,
"BM_slow_crc32/131072",152,4.53603e+06,4.53589e+06,ns,,,,,
"BM_slow_crc32/131072",152,4.77181e+06,4.77167e+06,ns,,,,,
"BM_slow_crc32/131072",152,4.64222e+06,4.64214e+06,ns,,,,,
"BM_slow_crc32/131072",152,4.53351e+06,4.5334e+06,ns,,,,,
"BM_slow_crc32/131072",152,4.47464e+06,4.47456e+06,ns,,,,,
"BM_slow_crc32/131072",152,4.44026e+06,4.44019e+06,ns,,,,,
"BM_slow_crc32/131072",152,4.41966e+06,4.41958e+06,ns,,,,,
"BM_slow_crc32/131072_mean",152,4.5515e+06,4.55137e+06,ns,,,,,
"BM_slow_crc32/131072_median",152,4.53477e+06,4.53465e+06,ns,,,,,
"BM_slow_crc32/131072_stddev",152,113161,113141,ns,,,,,
"BM_slow_crc32/262144",77,8.88996e+06,8.88971e+06,ns,,,,,
"BM_slow_crc32/262144",77,8.91579e+06,8.91551e+06,ns,,,,,
"BM_slow_crc32/262144",77,9.02891e+06,9.02873e+06,ns,,,,,
"BM_slow_crc32/262144",77,9.1319e+06,9.13174e+06,ns,,,,,
"BM_slow_crc32/262144",77,8.94215e+06,8.94199e+06,ns,,,,,
"BM_slow_crc32/262144",77,8.93416e+06,8.934e+06,ns,,,,,
"BM_slow_crc32/262144",77,8.88e+06,8.87985e+06,ns,,,,,
"BM_slow_crc32/262144",77,8.94389e+06,8.94265e+06,ns,,,,,
"BM_slow_crc32/262144",77,9.01274e+06,9.01248e+06,ns,,,,,
"BM_slow_crc32/262144",77,8.88694e+06,8.8867e+06,ns,,,,,
"BM_slow_crc32/262144_mean",77,8.95664e+06,8.95634e+06,ns,,,,,
"BM_slow_crc32/262144_median",77,8.93815e+06,8.93799e+06,ns,,,,,
"BM_slow_crc32/262144_stddev",77,79450.1,79483,ns,,,,,
"BM_slow_crc32_BigO",,34.2725,34.2713,N,,,,,
"BM_slow_crc32_RMS",,0.0359765,0.0359756,,,,,,
"BM_slow_crc8/8",8128850,86.4313,86.4291,ns,,,,,
"BM_slow_crc8/8",8128850,92.0645,92.0593,ns,,,,,
"BM_slow_crc8/8",8128850,86.3899,86.3884,ns,,,,,
"BM_slow_crc8/8",8128850,85.0703,85.0673,ns,,,,,
"BM_slow_crc8/8",8128850,89.0905,89.089,ns,,,,,
"BM_slow_crc8/8",8128850,90.2781,90.2673,ns,,,,,
"BM_slow_crc8/8",8128850,89.4721,89.0016,ns,,,,,
"BM_slow_crc8/8",8128850,85.1449,85.1373,ns,,,,,
"BM_slow_crc8/8",8128850,89.156,89.1442,ns,,,,,
"BM_slow_crc8/8",8128850,86.5236,86.5222,ns,,,,,
"BM_slow_crc8/8_mean",8128850,87.9621,87.9106,ns,,,,,
"BM_slow_crc8/8_median",8128850,87.807,87.7619,ns,,,,,
"BM_slow_crc8/8_stddev",8128850,2.3654,2.33527,ns,,,,,
"BM_slow_crc8/16",3951238,174.824,174.822,ns,,,,,
"BM_slow_crc8/16",3951238,175.467,175.458,ns,,,,,
"BM_slow_crc8/16",3951238,179.778,179.774,ns,,,,,
"BM_slow_crc8/16",3951238,177.078,177.075,ns,,,,,
"BM_slow_crc8/16",3951238,172.227,172.224,ns,,,,,
"BM_slow_crc8/16",3951238,169.508,169.505,ns,,,,,
"BM_slow_crc8/16",3951238,175.587,175.576,ns,,,,,
"BM_slow_crc8/16",3951238,172.196,172.193,ns,,,,,
"BM_slow_crc8/16",3951238,171.98,171.976,ns,,,,,
"BM_slow_crc8/16",3951238,174.716,174.699,ns,,,,,
"BM_slow_crc8/16_mean",3951238,174.336,174.33,ns,,,,,
"BM_slow_crc8/16_median",3951238,174.77,174.761,ns,,,,,
"BM_slow_crc8/16_stddev",3951238,2.94863,2.94768,ns,,,,,
"BM_slow_crc8/32",2000691,341.309,341.299,ns,,,,,
"BM_slow_crc8/32",2000691,342.815,342.809,ns,,,,,
"BM_slow_crc8/32",2000691,348.336,348.323,ns,,,,,
"BM_slow_crc8/32",2000691,346.831,346.825,ns,,,,,
"BM_slow_crc8/32",2000691,336.257,336.251,ns,,,,,
"BM_slow_crc8/32",2000691,342.237,342.226,ns,,,,,
"BM_slow_crc8/32",2000691,338.517,338.416,ns,,,,,
"BM_slow_crc8/32",2000691,342.231,342.221,ns,,,,,
"BM_slow_crc8/32",2000691,343.565,343.552,ns,,,,,
"BM_slow_crc8/32",2000691,340.777,340.768,ns,,,,,
"BM_slow_crc8/32_mean",2000691,342.287,342.269,ns,,,,,
"BM_slow_crc8/32_median",2000691,342.234,342.224,ns,,,,,
"BM_slow_crc8/32_stddev",2000691,3.54284,3.55294,ns,,,,,
"BM_slow_crc8/64",1005424,678.928,678.917,ns,,,,,
"BM_slow_crc8/64",1005424,705.192,705.172,ns,,,,,
"BM_slow_crc8/64",1005424,682.88,682.868,ns,,,,,
"BM_slow_crc8/64",1005424,685.075,684.995,ns,,,,,
"BM_slow_crc8/64",1005424,691.229,691.21,ns,,,,,
"BM_slow_crc8/64",1005424,682.69,682.647,ns,,,,,
"BM_slow_crc8/64",1005424,688.391,688.362,ns,,,,,
"BM_slow_crc8/64",1005424,691.77,691.751,ns,,,,,
"BM_slow_crc8/64",1005424,689.035,689.014,ns,,,,,
"BM_slow_crc8/64",1005424,688.697,688.569,ns,,,,,
"BM_slow_crc8/64_mean",1005424,688.389,688.35,ns,,,,,
"BM_slow_crc8/64_median",1005424,688.544,688.465,ns,,,,,
"BM_slow_crc8/64_stddev",1005424,7.19318,7.19597,ns,,,,,
"BM_slow_crc8/128",475714,1454.42,1454.35,ns,,,,,
"BM_slow_crc8/128",475714,1431.56,1431.52,ns,,,,,
"BM_slow_crc8/128",475714,1433.64,1433.52,ns,,,,,
"BM_slow_crc8/128",475714,1445.63,1445.61,ns,,,,,
"BM_slow_crc8/128",475714,1379.51,1379.48,ns,,,,,
"BM_slow_crc8/128",475714,1362.31,1362.28,ns,,,,,
"BM_slow_crc8/128",475714,1360.22,1360.2,ns,,,,,
"BM_slow_crc8/128",475714,1368.65,1368.62,ns,,,,,
"BM_slow_crc8/128",475714,1376.85,1375.08,ns,,,,,
"BM_slow_crc8/128",475714,1379.1,1378.94,ns,,,,,
"BM_slow_crc8/128_mean",475714,1399.19,1398.96,ns,,,,,
"BM_slow_crc8/128_median",475714,1379.3,1379.21,ns,,,,,
"BM_slow_crc8/128_stddev",475714,37.3323,37.443,ns,,,,,
"BM_slow_crc8/256",254246,2838.78,2837.9,ns,,,,,
"BM_slow_crc8/256",254246,2753.59,2751.04,ns,,,,,
"BM_slow_crc8/256",254246,2781.83,2778.66,ns,,,,,
"BM_slow_crc8/256",254246,2738.83,2737.48,ns,,,,,
"BM_slow_crc8/256",254246,2724.72,2723.57,ns,,,,,
"BM_slow_crc8/256",254246,2788.21,2786.09,ns,,,,,
"BM_slow_crc8/256",254246,2792.74,2790.83,ns,,,,,
"BM_slow_crc8/256",254246,2747.85,2747.47,ns,,,,,
"BM_slow_crc8/256",254246,2739.3,2738.43,ns,,,,,
"BM_slow_crc8/256",254246,2820.13,2819.24,ns,,,,,
"BM_slow_crc8/256_mean",254246,2772.6,2771.07,ns,,,,,
"BM_slow_crc8/256_median",254246,2767.71,2764.85,ns,,,,,
"BM_slow_crc8/256_stddev",254246,37.8444,37.8138,ns,,,,,
"BM_slow_crc8/512",118516,5677.89,5676.11,ns,,,,,
"BM_slow_crc8/512",118516,5584.04,5582.54,ns,,,,,
"BM_slow_crc8/512",118516,5557.52,5556.76,ns,,,,,
"BM_slow_crc8/512",118516,5588.67,5587.69,ns,,,,,
"BM_slow_crc8/512",118516,5482.41,5481.65,ns,,,,,
"BM_slow_crc8/512",118516,5532.94,5532.12,ns,,,,,
"BM_slow_crc8/512",118516,5482.84,5482.32,ns,,,,,
"BM_slow_crc8/512",118516,5570.56,5569.61,ns,,,,,
"BM_slow_crc8/512",118516,5690.45,5687.81,ns,,,,,
"BM_slow_crc8/512",118516,5697.35,5694.92,ns,,,,,
"BM_slow_crc8/512_mean",118516,5586.47,5585.15,ns,,,,,
"BM_slow_crc8/512_median",118516,5577.3,5576.08,ns,,,,,
"BM_slow_crc8/512_stddev",118516,79.582,78.8965,ns,,,,,
"BM_slow_crc8/1024",59051,11476.3,11475.5,ns,,,,,
"BM_slow_crc8/1024",59051,11322.6,11320.8,ns,,,,,
"BM_slow_crc8/1024",59051,11494.9,11493.3,ns,,,,,
"BM_slow_crc8/1024",59051,11134.5,11133.1,ns,,,,,
"BM_slow_crc8/1024",59051,11299.7,11298.3,ns,,,,,
"BM_slow_crc8/1024",59051,11378.1,11376.9,ns,,,,,
"BM_slow_crc8/1024",59051,11535.4,11532.8,ns,,,,,
"BM_slow_crc8/1024",59051,11452.4,11449,ns,,,,,
"BM_slow_crc8/1024",59051,11375.4,11371.6,ns,,,,,
"BM_slow_crc8/1024",59051,11857.4,11855,ns,,,,,
"BM_slow_crc8/1024_mean",59051,11432.7,11430.6,ns,,,,,
"BM_slow_crc8/1024_median",59051,11415.3,11412.9,ns,,,,,
"BM_slow_crc8/1024_stddev",59051,189.172,188.932,ns,,,,,
"BM_slow_crc8/2048",12856,48394,48382.3,ns,,,,,
"BM_slow_crc8/2048",12856,47765.2,47756.1,ns,,,,,
"BM_slow_crc8/2048",12856,44873.4,44872.6,ns,,,,,
"BM_slow_crc8/2048",12856,45185.7,45128.9,ns,,,,,
"BM_slow_crc8/2048",12856,45091.4,45061.9,ns,,,,,
"BM_slow_crc8/2048",12856,44745,44671.6,ns,,,,,
"BM_slow_crc8/2048",12856,46995.2,46876.1,ns,,,,,
"BM_slow_crc8/2048",12856,45699.9,45679.4,ns,,,,,
"BM_slow_crc8/2048",12856,45642.2,45585.1,ns,,,,,
"BM_slow_crc8/2048",12856,44640.5,44602.8,ns,,,,,
"BM_slow_crc8/2048_mean",12856,45903.2,45861.7,ns,,,,,
"BM_slow_crc8/2048_median",12856,45414,45357,ns,,,,,
"BM_slow_crc8/2048_stddev",12856,1339.28,1343.15,ns,,,,,
"BM_slow_crc8/4096",6122,121613,121454,ns,,,,,
"BM_slow_crc8/4096",6122,127283,126881,ns,,,,,
"BM_slow_crc8/4096",6122,126139,125676,ns,,,,,
"BM_slow_crc8/4096",6122,116808,116715,ns,,,,,
"BM_slow_crc8/4096",6122,112184,112128,ns,,,,,
"BM_slow_crc8/4096",6122,110670,110607,ns,,,,,
"BM_slow_crc8/4096",6122,110738,110697,ns,,,,,
"BM_slow_crc8/4096",6122,111170,111129,ns,,,,,
"BM_slow_crc8/4096",6122,111631,111592,ns,,,,,
"BM_slow_crc8/4096",6122,111154,111101,ns,,,,,
"BM_slow_crc8/4096_mean",6122,115939,115798,ns,,,,,
"BM_slow_crc8/4096_median",6122,111908,111860,ns,,,,,
"BM_slow_crc8/4096_stddev",6122,6656.39,6508.41,ns,,,,,
"BM_slow_crc8/8192",2826,260209,260153,ns,,,,,
"BM_slow_crc8/8192",2826,259517,259379,ns,,,,,
"BM_slow_crc8/8192",2826,250264,250230,ns,,,,,
"BM_slow_crc8/8192",2826,248865,248830,ns,,,,,
"BM_slow_crc8/8192",2826,250952,250907,ns,,,,,
"BM_slow_crc8/8192",2826,246974,246942,ns,,,,,
"BM_slow_crc8/8192",2826,246462,246427,ns,,,,,
"BM_slow_crc8/8192",2826,247877,247839,ns,,,,,
"BM_slow_crc8/8192",2826,258909,258868,ns,,,,,
"BM_slow_crc8/8192",2826,245490,245459,ns,,,,,
"BM_slow_crc8/8192_mean",2826,251552,251503,ns,,,,,
"BM_slow_crc8/8192_median",2826,249564,249530,ns,,,,,
"BM_slow_crc8/8192_stddev",2826,5762.65,5742.02,ns,,,,,
"BM_slow_crc8/16384",1366,522060,521991,ns,,,,,
"BM_slow_crc8/16384",1366,517817,517594,ns,,,,,
"BM_slow_crc8/16384",1366,523956,523910,ns,,,,,
"BM_slow_crc8/16384",1366,551305,551175,ns,,,,,
"BM_slow_crc8/16384",1366,560700,560426,ns,,,,,
"BM_slow_crc8/16384",1366,545797,545463,ns,,,,,
"BM_slow_crc8/16384",1366,584503,583835,ns,,,,,
"BM_slow_crc8/16384",1366,563498,562879,ns,,,,,
"BM_slow_crc8/16384",1366,513586,513521,ns,,,,,
"BM_slow_crc8/16384",1366,514081,514031,ns,,,,,
"BM_slow_crc8/16384_mean",1366,539730,539483,ns,,,,,
"BM_slow_crc8/16384_median",1366,534876,534686,ns,,,,,
"BM_slow_crc8/16384_stddev",1366,24861.2,24664.5,ns,,,,,
"BM_slow_crc8/32768",659,1.07157e+06,1.07139e+06,ns,,,,,
"BM_slow_crc8/32768",659,1.09289e+06,1.09235e+06,ns,,,,,
"BM_slow_crc8/32768",659,1.08238e+06,1.08217e+06,ns,,,,,
"BM_slow_crc8/32768",659,1.07571e+06,1.07524e+06,ns,,,,,
"BM_slow_crc8/32768",659,1.065e+06,1.0646e+06,ns,,,,,
"BM_slow_crc8/32768",659,1.09135e+06,1.09098e+06,ns,,,,,
"BM_slow_crc8/32768",659,1.29093e+06,1.28961e+06,ns,,,,,
"BM_slow_crc8/32768",659,1.22135e+06,1.22047e+06,ns,,,,,
"BM_slow_crc8/32768",659,1.05994e+06,1.05979e+06,ns,,,,,
"BM_slow_crc8/32768",659,1.12462e+06,1.12413e+06,ns,,,,,
"BM_slow_crc8/32768_mean",659,1.11757e+06,1.11707e+06,ns,,,,,
"BM_slow_crc8/32768_median",659,1.08687e+06,1.08658e+06,ns,,,,,
"BM_slow_crc8/32768_stddev",659,77000.8,76659.1,ns,,,,,
"BM_slow_crc8/65536",266,2.43918e+06,2.43637e+06,ns,,,,,
"BM_slow_crc8/65536",266,2.45546e+06,2.45187e+06,ns,,,,,
"BM_slow_crc8/65536",266,2.16001e+06,2.15979e+06,ns,,,,,
"BM_slow_crc8/65536",266,2.18743e+06,2.18717e+06,ns,,,,,
"BM_slow_crc8/65536",266,2.21717e+06,2.21605e+06,ns,,,,,
"BM_slow_crc8/65536",266,2.36861e+06,2.36723e+06,ns,,,,,
"BM_slow_crc8/65536",266,2.25852e+06,2.25719e+06,ns,,,,,
"BM_slow_crc8/65536",266,2.1124e+06,2.11232e+06,ns,,,,,
"BM_slow_crc8/65536",266,2.39364e+06,2.39179e+06,ns,,,,,
"BM_slow_crc8/65536",266,2.48981e+06,2.4876e+06,ns,,,,,
"BM_slow_crc8/65536_mean",266,2.30822e+06,2.30674e+06,ns,,,,,
"BM_slow_crc8/65536_median",266,2.31356e+06,2.31221e+06,ns,,,,,
"BM_slow_crc8/65536_stddev",266,136793,135745,ns,,,,,
"BM_slow_crc8/131072",153,4.39442e+06,4.3921e+06,ns,,,,,
"BM_slow_crc8/131072",153,4.52729e+06,4.52376e+06,ns,,,,,
"BM_slow_crc8/131072",153,4.27544e+06,4.27468e+06,ns,,,,,
"BM_slow_crc8/131072",153,4.20924e+06,4.20917e+06,ns,,,,,
"BM_slow_crc8/131072",153,4.22526e+06,4.22519e+06,ns,,,,,
"BM_slow_crc8/131072",153,4.24371e+06,4.2436e+06,ns,,,,,
"BM_slow_crc8/131072",153,4.2e+06,4.19993e+06,ns,,,,,
"BM_slow_crc8/131072",153,4.37462e+06,4.37343e+06,ns,,,,,
"BM_slow_crc8/131072",153,4.32306e+06,4.32154e+06,ns,,,,,
"BM_slow_crc8/131072",153,4.202e+06,4.20193e+06,ns,,,,,
"BM_slow_crc8/131072_mean",153,4.2975e+06,4.29653e+06,ns,,,,,
"BM_slow_crc8/131072_median",153,4.25957e+06,4.25914e+06,ns,,,,,
"BM_slow_crc8/131072_stddev",153,107400,106242,ns,,,,,
"BM_slow_crc8/262144",83,8.37744e+06,8.37729e+06,ns,,,,,
"BM_slow_crc8/262144",83,8.61402e+06,8.61222e+06,ns,,,,,
"BM_slow_crc8/262144",83,8.47618e+06,8.47603e+06,ns,,,,,
"BM_slow_crc8/262144",83,8.40746e+06,8.40731e+06,ns,,,,,
"BM_slow_crc8/262144",83,8.47126e+06,8.47112e+06,ns,,,,,
"BM_slow_crc8/262144",83,8.4637e+06,8.46356e+06,ns,,,,,
"BM_slow_crc8/262144",83,8.36156e+06,8.36136e+06,ns,,,,,
"BM_slow_crc8/262144",83,8.39097e+06,8.39083e+06,ns,,,,,
"BM_slow_crc8/262144",83,8.39384e+06,8.39355e+06,ns,,,,,
"BM_slow_crc8/262144",83,8.89082e+06,8.88672e+06,ns,,,,,
"BM_slow_crc8/262144_mean",83,8.48473e+06,8.484e+06,ns,,,,,
"BM_slow_crc8/262144_median",83,8.43558e+06,8.43543e+06,ns,,,,,
"BM_slow_crc8/262144_stddev",83,160563,159318,ns,,,,,
"BM_slow_crc8_BigO",,32.5987,32.5939,N,,,,,
"BM_slow_crc8_RMS",,0.0714933,0.0709751,,,,,,
"BM_fast_crc32/8",17244273,43.8348,43.8119,ns,,,,,
"BM_fast_crc32/8",17244273,40.6867,40.6783,ns,,,,,
"BM_fast_crc32/8",17244273,42.9942,42.9935,ns,,,,,
"BM_fast_crc32/8",17244273,41.1247,41.124,ns,,,,,
"BM_fast_crc32/8",17244273,41.997,41.9963,ns,,,,,
"BM_fast_crc32/8",17244273,39.8947,39.8941,ns,,,,,
"BM_fast_crc32/8",17244273,41.4381,41.4374,ns,,,,,
"BM_fast_crc32/8",17244273,40.5756,40.5746,ns,,,,,
"BM_fast_crc32/8",17244273,42.1629,42.1461,ns,,,,,
"BM_fast_crc32/8",17244273,40.8096,40.8057,ns,,,,,
"BM_fast_crc32/8_mean",17244273,41.5518,41.5462,ns,,,,,
"BM_fast_crc32/8_median",17244273,41.2814,41.2807,ns,,,,,
"BM_fast_crc32/8_stddev",17244273,1.20451,1.19981,ns,,,,,
"BM_fast_crc32/16",9100774,75.0634,75.0613,ns,,,,,
"BM_fast_crc32/16",9100774,76.9918,76.9763,ns,,,,,
"BM_fast_crc32/16",9100774,74.1255,74.0982,ns,,,,,
"BM_fast_crc32/16",9100774,79.2845,79.2684,ns,,,,,
"BM_fast_crc32/16",9100774,79.6145,79.4525,ns,,,,,
"BM_fast_crc32/16",9100774,73.7725,73.7704,ns,,,,,
"BM_fast_crc32/16",9100774,81.5703,81.5137,ns,,,,,
"BM_fast_crc32/16",9100774,78.2667,78.0826,ns,,,,,
"BM_fast_crc32/16",9100774,74.2823,74.2495,ns,,,,,
"BM_fast_crc32/16",9100774,73.8982,73.8851,ns,,,,,
"BM_fast_crc32/16_mean",9100774,76.687,76.6358,ns,,,,,
"BM_fast_crc32/16_median",9100774,76.0276,76.0188,ns,,,,,
"BM_fast_crc32/16_stddev",9100774,2.84809,2.81379,ns,,,,,
"BM_fast_crc32/32",4858838,148.754,148.65,ns,,,,,
"BM_fast_crc32/32",4858838,151.732,151.638,ns,,,,,
"BM_fast_crc32/32",4858838,161.338,160.72,ns,,,,,
"BM_fast_crc32/32",4858838,163.631,163.561,ns,,,,,
"BM_fast_crc32/32",4858838,178.393,178.028,ns,,,,,
"BM_fast_crc32/32",4858838,164.46,164.196,ns,,,,,
"BM_fast_crc32/32",4858838,160.476,160.322,ns,,,,,
"BM_fast_crc32/32",4858838,164.022,163.995,ns,,,,,
"BM_fast_crc32/32",4858838,155.536,155.525,ns,,,,,
"BM_fast_crc32/32",4858838,163.303,163.294,ns,,,,,
"BM_fast_crc32/32_mean",4858838,161.165,160.993,ns,,,,,
"BM_fast_crc32/32_median",4858838,162.321,162.007,ns,,,,,
"BM_fast_crc32/32_stddev",4858838,8.17641,8.10773,ns,,,,,
"BM_fast_crc32/64",2318195,273.915,273.898,ns,,,,,
"BM_fast_crc32/64",2318195,280.854,280.816,ns,,,,,
"BM_fast_crc32/64",2318195,277.48,277.468,ns,,,,,
"BM_fast_crc32/64",2318195,274.034,274.021,ns,,,,,
"BM_fast_crc32/64",2318195,301.609,301.487,ns,,,,,
"BM_fast_crc32/64",2318195,300.921,300.745,ns,,,,,
"BM_fast_crc32/64",2318195,274.85,274.846,ns,,,,,
"BM_fast_crc32/64",2318195,290.8,290.672,ns,,,,,
"BM_fast_crc32/64",2318195,274.28,274.276,ns,,,,,
"BM_fast_crc32/64",2318195,276.863,276.854,ns,,,,,
"BM_fast_crc32/64_mean",2318195,282.561,282.508,ns,,,,,
"BM_fast_crc32/64_median",2318195,277.171,277.161,ns,,,,,
"BM_fast_crc32/64_stddev",2318195,11.0779,11.0167,ns,,,,,
"BM_fast_crc32/128",1200330,563.164,562.917,ns,,,,,
"BM_fast_crc32/128",1200330,552.707,552.693,ns,,,,,
"BM_fast_crc32/128",1200330,569.826,569.817,ns,,,,,
"BM_fast_crc32/128",1200330,560.575,560.566,ns,,,,,
"BM_fast_crc32/128",1200330,544.108,544.099,ns,,,,,
"BM_fast_crc32/128",1200330,581.621,581.551,ns,,,,,
"BM_fast_crc32/128",1200330,547.418,547.379,ns,,,,,
"BM_fast_crc32/128",1200330,549.998,549.975,ns,,,,,
"BM_fast_crc32/128",1200330,544.823,544.8,ns,,,,,
"BM_fast_crc32/128",1200330,548.667,548.615,ns,,,,,
"BM_fast_crc32/128_mean",1200330,556.291,556.241,ns,,,,,
"BM_fast_crc32/128_median",1200330,551.352,551.334,ns,,,,,
"BM_fast_crc32/128_stddev",1200330,12.2912,12.2704,ns,,,,,
"BM_fast_crc32/256",645576,1158.9,1158.63,ns,,,,,
"BM_fast_crc32/256",645576,1098.92,1098.87,ns,,,,,
"BM_fast_crc32/256",645576,1090.96,1090.93,ns,,,,,
"BM_fast_crc32/256",645576,1085.23,1085.17,ns,,,,,
"BM_fast_crc32/256",645576,1083.99,1083.95,ns,,,,,
"BM_fast_crc32/256",645576,1082.44,1082.37,ns,,,,,
"BM_fast_crc32/256",645576,1082.75,1082.67,ns,,,,,
"BM_fast_crc32/256",645576,1083.24,1083.16,ns,,,,,
"BM_fast_crc32/256",645576,1080.15,1080.11,ns,,,,,
"BM_fast_crc32/256",645576,1085.25,1085.21,ns,,,,,
"BM_fast_crc32/256_mean",645576,1093.18,1093.11,ns,,,,,
"BM_fast_crc32/256_median",645576,1084.61,1084.56,ns,,,,,
"BM_fast_crc32/256_stddev",645576,23.7124,23.6454,ns,,,,,
"BM_fast_crc32/512",323524,2156.35,2156.21,ns,,,,,
"BM_fast_crc32/512",323524,2284.86,2284.74,ns,,,,,
"BM_fast_crc32/512",323524,2186.58,2186.4,ns,,,,,
"BM_fast_crc32/512",323524,2206.93,2206.71,ns,,,,,
"BM_fast_crc32/512",323524,2214.8,2214.56,ns,,,,,
"BM_fast_crc32/512",323524,2182.41,2182.24,ns,,,,,
"BM_fast_crc32/512",323524,2181.46,2181.18,ns,,,,,
"BM_fast_crc32/512",323524,2474.66,2473.97,ns,,,,,
"BM_fast_crc32/512",323524,2505.29,2504.19,ns,,,,,
"BM_fast_crc32/512",323524,2558.21,2557.98,ns,,,,,
"BM_fast_crc32/512_mean",323524,2295.15,2294.82,ns,,,,,
"BM_fast_crc32/512_median",323524,2210.87,2210.63,ns,,,,,
"BM_fast_crc32/512_stddev",323524,155.14,154.935,ns,,,,,
"BM_fast_crc32/1024",151844,4660.16,4659.97,ns,,,,,
"BM_fast_crc32/1024",151844,5016.53,5015.9,ns,,,,,
"BM_fast_crc32/1024",151844,4642.63,4642.08,ns,,,,,
"BM_fast_crc32/1024",151844,4568.87,4567.71,ns,,,,,
"BM_fast_crc32/1024",151844,4301.81,4301.55,ns,,,,,
"BM_fast_crc32/1024",151844,4278.79,4278.64,ns,,,,,
"BM_fast_crc32/1024",151844,4323.72,4323.45,ns,,,,,
"BM_fast_crc32/1024",151844,4279.37,4279.19,ns,,,,,
"BM_fast_crc32/1024",151844,4424.28,4424.07,ns,,,,,
"BM_fast_crc32/1024",151844,4796.11,4793.25,ns,,,,,
"BM_fast_crc32/1024_mean",151844,4529.23,4528.58,ns,,,,,
"BM_fast_crc32/1024_median",151844,4496.57,4495.89,ns,,,,,
"BM_fast_crc32/1024_stddev",151844,251.744,251.312,ns,,,,,
"BM_fast_crc32/2048",70197,9214.97,9206.08,ns,,,,,
"BM_fast_crc32/2048",70197,9633.62,9632.98,ns,,,,,
"BM_fast_crc32/2048",70197,8965.28,8962.8,ns,,,,,
"BM_fast_crc32/2048",70197,9681.72,9676.66,ns,,,,,
"BM_fast_crc32/2048",70197,8688.87,8688.33,ns,,,,,
"BM_fast_crc32/2048",70197,8650.49,8649.26,ns,,,,,
"BM_fast_crc32/2048",70197,8701.38,8701.24,ns,,,,,
"BM_fast_crc32/2048",70197,8564.3,8564.16,ns,,,,,
"BM_fast_crc32/2048",70197,8691.27,8691.12,ns,,,,,
"BM_fast_crc32/2048",70197,8561.35,8561.21,ns,,,,,
"BM_fast_crc32/2048_mean",70197,8935.32,8933.38,ns,,,,,
"BM_fast_crc32/2048_median",70197,8696.32,8696.18,ns,,,,,
"BM_fast_crc32/2048_stddev",70197,429.148,427.568,ns,,,,,
"BM_fast_crc32/4096",40562,17335.5,17335.1,ns,,,,,
"BM_fast_crc32/4096",40562,17913.3,17912.7,ns,,,,,
"BM_fast_crc32/4096",40562,17760.7,17760.4,ns,,,,,
"BM_fast_crc32/4096",40562,17587.5,17587.2,ns,,,,,
"BM_fast_crc32/4096",40562,17724.9,17724.6,ns,,,,,
"BM_fast_crc32/4096",40562,17092.9,17092.6,ns,,,,,
"BM_fast_crc32/4096",40562,17158.1,17157.7,ns,,,,,
"BM_fast_crc32/4096",40562,17300.9,17300.6,ns,,,,,
"BM_fast_crc32/4096",40562,17387.4,17387.1,ns,,,,,
"BM_fast_crc32/4096",40562,19958.6,19942.4,ns,,,,,
"BM_fast_crc32/4096_mean",40562,17722,17720,ns,,,,,
"BM_fast_crc32/4096_median",40562,17487.5,17487.2,ns,,,,,
"BM_fast_crc32/4096_stddev",40562,830.718,825.979,ns,,,,,
"BM_fast_crc32/8192",20477,34658,34657.1,ns,,,,,
"BM_fast_crc32/8192",20477,34959.3,34957.7,ns,,,,,
"BM_fast_crc32/8192",20477,35004.5,35003.6,ns,,,,,
"BM_fast_crc32/8192",20477,37045.3,37027.7,ns,,,,,
"BM_fast_crc32/8192",20477,34726.7,34726.2,ns,,,,,
"BM_fast_crc32/8192",20477,37318.8,37301.6,ns,,,,,
"BM_fast_crc32/8192",20477,36196,36195,ns,,,,,
"BM_fast_crc32/8192",20477,38330,38170.8,ns,,,,,
"BM_fast_crc32/8192",20477,36389.8,36387.5,ns,,,,,
"BM_fast_crc32/8192",20477,37499.3,37479.3,ns,,,,,
"BM_fast_crc32/8192_mean",20477,36212.8,36190.7,ns,,,,,
"BM_fast_crc32/8192_median",20477,36292.9,36291.2,ns,,,,,
"BM_fast_crc32/8192_stddev",20477,1322.56,1290.2,ns,,,,,
"BM_fast_crc32/16384",9828,73923.5,73885.4,ns,,,,,
"BM_fast_crc32/16384",9828,78359.4,77899,ns,,,,,
"BM_fast_crc32/16384",9828,76274.4,76246.2,ns,,,,,
"BM_fast_crc32/16384",9828,71962.2,71948.8,ns,,,,,
"BM_fast_crc32/16384",9828,68638.5,68635.9,ns,,,,,
"BM_fast_crc32/16384",9828,69621.5,69619.1,ns,,,,,
"BM_fast_crc32/16384",9828,68620.9,68617,ns,,,,,
"BM_fast_crc32/16384",9828,69457.7,69454.4,ns,,,,,
"BM_fast_crc32/16384",9828,69545.4,69538,ns,,,,,
"BM_fast_crc32/16384",9828,72219.3,72211.7,ns,,,,,
"BM_fast_crc32/16384_mean",9828,71862.3,71805.6,ns,,,,,
"BM_fast_crc32/16384_median",9828,70791.9,70784,ns,,,,,
"BM_fast_crc32/16384_stddev",9828,3385.19,3283.37,ns,,,,,
"BM_fast_crc32/32768",5098,141094,141089,ns,,,,,
"BM_fast_crc32/32768",5098,155242,155225,ns,,,,,
"BM_fast_crc32/32768",5098,145425,145417,ns,,,,,
"BM_fast_crc32/32768",5098,139085,139076,ns,,,,,
"BM_fast_crc32/32768",5098,148370,148335,ns,,,,,
"BM_fast_crc32/32768",5098,137556,137545,ns,,,,,
"BM_fast_crc32/32768",5098,138066,138061,ns,,,,,
"BM_fast_crc32/32768",5098,145997,145989,ns,,,,,
"BM_fast_crc32/32768",5098,139829,139823,ns,,,,,
"BM_fast_crc32/32768",5098,137210,137205,ns,,,,,
"BM_fast_crc32/32768_mean",5098,142787,142776,ns,,,,,
"BM_fast_crc32/32768_median",5098,140462,140456,ns,,,,,
"BM_fast_crc32/32768_stddev",5098,5865.46,5860,ns,,,,,
"BM_fast_crc32/65536",2526,274985,274975,ns,,,,,
"BM_fast_crc32/65536",2526,279767,279758,ns,,,,,
"BM_fast_crc32/65536",2526,275668,275652,ns,,,,,
"BM_fast_crc32/65536",2526,307570,307404,ns,,,,,
"BM_fast_crc32/65536",2526,292033,292021,ns,,,,,
"BM_fast_crc32/65536",2526,318194,317250,ns,,,,,
"BM_fast_crc32/65536",2526,283960,283913,ns,,,,,
"BM_fast_crc32/65536",2526,295542,295448,ns,,,,,
"BM_fast_crc32/65536",2526,297137,296689,ns,,,,,
"BM_fast_crc32/65536",2526,299279,299186,ns,,,,,
"BM_fast_crc32/65536_mean",2526,292414,292230,ns,,,,,
"BM_fast_crc32/65536_median",2526,293788,293734,ns,,,,,
"BM_fast_crc32/65536_stddev",2526,14100.2,13873.3,ns,,,,,
"BM_fast_crc32/131072",1277,550944,550917,ns,,,,,
"BM_fast_crc32/131072",1277,577801,577734,ns,,,,,
"BM_fast_crc32/131072",1277,609431,609318,ns,,,,,
"BM_fast_crc32/131072",1277,606571,606359,ns,,,,,
"BM_fast_crc32/131072",1277,680723,680689,ns,,,,,
"BM_fast_crc32/131072",1277,593530,593503,ns,,,,,
"BM_fast_crc32/131072",1277,573309,573235,ns,,,,,
"BM_fast_crc32/131072",1277,563763,563738,ns,,,,,
"BM_fast_crc32/131072",1277,596363,596340,ns,,,,,
"BM_fast_crc32/131072",1277,615006,614694,ns,,,,,
"BM_fast_crc32/131072_mean",1277,596744,596653,ns,,,,,
"BM_fast_crc32/131072_median",1277,594947,594922,ns,,,,,
"BM_fast_crc32/131072_stddev",1277,36128.3,36107.4,ns,,,,,
"BM_fast_crc32/262144",578,1.16056e+06,1.16037e+06,ns,,,,,
"BM_fast_crc32/262144",578,1.23702e+06,1.23636e+06,ns,,,,,
"BM_fast_crc32/262144",578,1.21817e+06,1.21684e+06,ns,,,,,
"BM_fast_crc32/262144",578,1.13856e+06,1.13846e+06,ns,,,,,
"BM_fast_crc32/262144",578,1.18759e+06,1.17949e+06,ns,,,,,
"BM_fast_crc32/262144",578,1.11038e+06,1.11033e+06,ns,,,,,
"BM_fast_crc32/262144",578,1.12682e+06,1.12679e+06,ns,,,,,
"BM_fast_crc32/262144",578,1.11287e+06,1.11285e+06,ns,,,,,
"BM_fast_crc32/262144",578,1.24641e+06,1.24629e+06,ns,,,,,
"BM_fast_crc32/262144",578,1.10509e+06,1.10502e+06,ns,,,,,
"BM_fast_crc32/262144_mean",578,1.16435e+06,1.16328e+06,ns,,,,,
"BM_fast_crc32/262144_median",578,1.14956e+06,1.14942e+06,ns,,,,,
"BM_fast_crc32/262144_stddev",578,54377.7,53811,ns,,,,,
"BM_fast_crc32_BigO",,4.46224,4.45891,N,,,,,
"BM_fast_crc32_RMS",,0.111338,0.110705,,,,,,
"BM_fast_crc8/8",37581502,21.1329,21.132,ns,,,,,
"BM_fast_crc8/8",37581502,19.4738,19.4702,ns,,,,,
"BM_fast_crc8/8",37581502,18.7628,18.7622,ns,,,,,
"BM_fast_crc8/8",37581502,18.6274,18.6268,ns,,,,,
"BM_fast_crc8/8",37581502,20.0848,20.0839,ns,,,,,
"BM_fast_crc8/8",37581502,18.5053,18.505,ns,,,,,
"BM_fast_crc8/8",37581502,18.6263,18.6259,ns,,,,,
"BM_fast_crc8/8",37581502,18.5,18.4993,ns,,,,,
"BM_fast_crc8/8",37581502,18.6161,18.6158,ns,,,,,
"BM_fast_crc8/8",37581502,18.5922,18.5916,ns,,,,,
"BM_fast_crc8/8_mean",37581502,19.0922,19.0913,ns,,,,,
"BM_fast_crc8/8_median",37581502,18.6268,18.6264,ns,,,,,
"BM_fast_crc8/8_stddev",37581502,0.882474,0.882169,ns,,,,,
"BM_fast_crc8/16",17464864,41.1524,41.1517,ns,,,,,
"BM_fast_crc8/16",17464864,41.8709,41.8626,ns,,,,,
"BM_fast_crc8/16",17464864,40.5209,40.5198,ns,,,,,
"BM_fast_crc8/16",17464864,40.0685,40.0678,ns,,,,,
"BM_fast_crc8/16",17464864,42.7302,42.7278,ns,,,,,
"BM_fast_crc8/16",17464864,43.3061,43.3049,ns,,,,,
"BM_fast_crc8/16",17464864,44.5185,44.5129,ns,,,,,
"BM_fast_crc8/16",17464864,42.867,42.8663,ns,,,,,
"BM_fast_crc8/16",17464864,47.5104,47.5073,ns,,,,,
"BM_fast_crc8/16",17464864,42.1549,42.1537,ns,,,,,
"BM_fast_crc8/16_mean",17464864,42.67,42.6675,ns,,,,,
"BM_fast_crc8/16_median",17464864,42.4425,42.4408,ns,,,,,
"BM_fast_crc8/16_stddev",17464864,2.15733,2.15661,ns,,,,,
"BM_fast_crc8/32",6716167,110.991,110.956,ns,,,,,
"BM_fast_crc8/32",6716167,110.867,109.202,ns,,,,,
"BM_fast_crc8/32",6716167,107.569,107.356,ns,,,,,
"BM_fast_crc8/32",6716167,100.672,100.412,ns,,,,,
"BM_fast_crc8/32",6716167,100.919,100.76,ns,,,,,
"BM_fast_crc8/32",6716167,111.943,110.016,ns,,,,,
"BM_fast_crc8/32",6716167,108.848,108.151,ns,,,,,
"BM_fast_crc8/32",6716167,109.898,109.53,ns,,,,,
"BM_fast_crc8/32",6716167,112.589,111.187,ns,,,,,
"BM_fast_crc8/32",6716167,108.832,108.322,ns,,,,,
"BM_fast_crc8/32_mean",6716167,108.313,107.589,ns,,,,,
"BM_fast_crc8/32_median",6716167,109.373,108.762,ns,,,,,
"BM_fast_crc8/32_stddev",6716167,4.2406,3.88155,ns,,,,,
"BM_fast_crc8/64",3099890,218.391,218.296,ns,,,,,
"BM_fast_crc8/64",3099890,219.669,219.652,ns,,,,,
"BM_fast_crc8/64",3099890,210.732,210.695,ns,,,,,
"BM_fast_crc8/64",3099890,203.453,203.45,ns,,,,,
"BM_fast_crc8/64",3099890,225.942,224.936,ns,,,,,
"BM_fast_crc8/64",3099890,233.176,232.996,ns,,,,,
"BM_fast_crc8/64",3099890,231.863,231.847,ns,,,,,
"BM_fast_crc8/64",3099890,216.578,216.535,ns,,,,,
"BM_fast_crc8/64",3099890,210.346,210.339,ns,,,,,
"BM_fast_crc8/64",3099890,239.718,232.517,ns,,,,,
"BM_fast_crc8/64_mean",3099890,220.987,220.126,ns,,,,,
"BM_fast_crc8/64_median",3099890,219.03,218.974,ns,,,,,
"BM_fast_crc8/64_stddev",3099890,11.5278,10.3226,ns,,,,,
"BM_fast_crc8/128",1518853,474.8,466.319,ns,,,,,
"BM_fast_crc8/128",1518853,483.3,474.285,ns,,,,,
"BM_fast_crc8/128",1518853,471.719,464.765,ns,,,,,
"BM_fast_crc8/128",1518853,447.121,446.476,ns,,,,,
"BM_fast_crc8/128",1518853,449.229,449.14,ns,,,,,
"BM_fast_crc8/128",1518853,446.89,446.873,ns,,,,,
"BM_fast_crc8/128",1518853,444.975,444.958,ns,,,,,
"BM_fast_crc8/128",1518853,457.502,457.472,ns,,,,,
"BM_fast_crc8/128",1518853,456.399,456.381,ns,,,,,
"BM_fast_crc8/128",1518853,440.371,440.355,ns,,,,,
"BM_fast_crc8/128_mean",1518853,457.231,454.703,ns,,,,,
"BM_fast_crc8/128_median",1518853,452.814,452.761,ns,,,,,
"BM_fast_crc8/128_stddev",1518853,14.5547,11.0096,ns,,,,,
"BM_fast_crc8/256",786861,863.702,863.68,ns,,,,,
"BM_fast_crc8/256",786861,886.667,886.565,ns,,,,,
"BM_fast_crc8/256",786861,873.153,873.096,ns,,,,,
"BM_fast_crc8/256",786861,870.552,870.52,ns,,,,,
"BM_fast_crc8/256",786861,870.254,870.241,ns,,,,,
"BM_fast_crc8/256",786861,874.989,874.943,ns,,,,,
"BM_fast_crc8/256",786861,873.52,873.473,ns,,,,,
"BM_fast_crc8/256",786861,870.52,868.16,ns,,,,,
"BM_fast_crc8/256",786861,873.38,871.146,ns,,,,,
"BM_fast_crc8/256",786861,876.194,873.023,ns,,,,,
"BM_fast_crc8/256_mean",786861,873.293,872.485,ns,,,,,
"BM_fast_crc8/256_median",786861,873.267,872.085,ns,,,,,
"BM_fast_crc8/256_stddev",786861,5.83729,5.89581,ns,,,,,
"BM_fast_crc8/512",404988,1747.42,1747.28,ns,,,,,
"BM_fast_crc8/512",404988,1748.42,1748.17,ns,,,,,
"BM_fast_crc8/512",404988,1756.59,1756.56,ns,,,,,
"BM_fast_crc8/512",404988,1730.92,1730.87,ns,,,,,
"BM_fast_crc8/512",404988,1729.58,1729.5,ns,,,,,
"BM_fast_crc8/512",404988,1739.56,1739.54,ns,,,,,
"BM_fast_crc8/512",404988,1738.11,1738.05,ns,,,,,
"BM_fast_crc8/512",404988,1737.34,1737.3,ns,,,,,
"BM_fast_crc8/512",404988,1729.6,1729.57,ns,,,,,
"BM_fast_crc8/512",404988,1766.69,1766.59,ns,,,,,
"BM_fast_crc8/512_mean",404988,1742.42,1742.34,ns,,,,,
"BM_fast_crc8/512_median",404988,1738.84,1738.79,ns,,,,,
"BM_fast_crc8/512_stddev",404988,12.3129,12.2936,ns,,,,,
"BM_fast_crc8/1024",201646,3542.55,3542.49,ns,,,,,
"BM_fast_crc8/1024",201646,3579.15,3573.75,ns,,,,,
"BM_fast_crc8/1024",201646,3480.07,3479.96,ns,,,,,
"BM_fast_crc8/1024",201646,3485.57,3485.52,ns,,,,,
"BM_fast_crc8/1024",201646,3458.17,3457.97,ns,,,,,
"BM_fast_crc8/1024",201646,3444.57,3444.46,ns,,,,,
"BM_fast_crc8/1024",201646,3508.86,3508.81,ns,,,,,
"BM_fast_crc8/1024",201646,3456.73,3456.59,ns,,,,,
"BM_fast_crc8/1024",201646,3468.35,3468.25,ns,,,,,
"BM_fast_crc8/1024",201646,3466.2,3466.09,ns,,,,,
"BM_fast_crc8/1024_mean",201646,3489.02,3488.39,ns,,,,,
"BM_fast_crc8/1024_median",201646,3474.21,3474.1,ns,,,,,
"BM_fast_crc8/1024_stddev",201646,42.6772,41.4714,ns,,,,,
"BM_fast_crc8/2048",101800,6915.84,6915.68,ns,,,,,
"BM_fast_crc8/2048",101800,7043.96,7042.94,ns,,,,,
"BM_fast_crc8/2048",101800,6966.03,6964.88,ns,,,,,
"BM_fast_crc8/2048",101800,6938.71,6938.49,ns,,,,,
"BM_fast_crc8/2048",101800,7035.99,7035.8,ns,,,,,
"BM_fast_crc8/2048",101800,6922.32,6921.99,ns,,,,,
"BM_fast_crc8/2048",101800,6900.36,6900.06,ns,,,,,
"BM_fast_crc8/2048",101800,6916.34,6916.24,ns,,,,,
"BM_fast_crc8/2048",101800,7044.49,7044.23,ns,,,,,
"BM_fast_crc8/2048",101800,6945.52,6945.31,ns,,,,,
"BM_fast_crc8/2048_mean",101800,6962.96,6962.56,ns,,,,,
"BM_fast_crc8/2048_median",101800,6942.11,6941.9,ns,,,,,
"BM_fast_crc8/2048_stddev",101800,57.1609,57.0307,ns,,,,,
"BM_fast_crc8/4096",49845,13887.2,13886.6,ns,,,,,
"BM_fast_crc8/4096",49845,14138.1,14135.8,ns,,,,,
"BM_fast_crc8/4096",49845,13924.7,13924,ns,,,,,
"BM_fast_crc8/4096",49845,13833.1,13832.6,ns,,,,,
"BM_fast_crc8/4096",49845,14095.9,14095.7,ns,,,,,
"BM_fast_crc8/4096",49845,13944.8,13944.4,ns,,,,,
"BM_fast_crc8/4096",49845,13864.1,13863.6,ns,,,,,
"BM_fast_crc8/4096",49845,13834.5,13834.2,ns,,,,,
"BM_fast_crc8/4096",49845,13875.4,13874.8,ns,,,,,
"BM_fast_crc8/4096",49845,13889.6,13889.1,ns,,,,,
"BM_fast_crc8/4096_mean",49845,13928.7,13928.1,ns,,,,,
"BM_fast_crc8/4096_median",49845,13888.4,13887.8,ns,,,,,
"BM_fast_crc8/4096_stddev",49845,105.589,105.259,ns,,,,,
"BM_fast_crc8/8192",25450,27831.4,27830.5,ns,,,,,
"BM_fast_crc8/8192",25450,28022.4,28018.6,ns,,,,,
"BM_fast_crc8/8192",25450,28199.3,28198.7,ns,,,,,
"BM_fast_crc8/8192",25450,27743.8,27742.9,ns,,,,,
"BM_fast_crc8/8192",25450,27896.3,27895.3,ns,,,,,
"BM_fast_crc8/8192",25450,27907.3,27906.9,ns,,,,,
"BM_fast_crc8/8192",25450,27782.4,27781.6,ns,,,,,
"BM_fast_crc8/8192",25450,27739.6,27738.4,ns,,,,,
"BM_fast_crc8/8192",25450,27862.8,27861.5,ns,,,,,
"BM_fast_crc8/8192",25450,27852.8,27851,ns,,,,,
"BM_fast_crc8/8192_mean",25450,27883.8,27882.5,ns,,,,,
"BM_fast_crc8/8192_median",25450,27857.8,27856.2,ns,,,,,
"BM_fast_crc8/8192_stddev",25450,139.184,138.971,ns,,,,,
"BM_fast_crc8/16384",12693,55882.7,55880.4,ns,,,,,
"BM_fast_crc8/16384",12693,56310.8,56162.3,ns,,,,,
"BM_fast_crc8/16384",12693,56228.8,55882.3,ns,,,,,
"BM_fast_crc8/16384",12693,58272,56193.7,ns,,,,,
"BM_fast_crc8/16384",12693,56292.8,56107.6,ns,,,,,
"BM_fast_crc8/16384",12693,56346.5,56267.1,ns,,,,,
"BM_fast_crc8/16384",12693,55813.9,55769.2,ns,,,,,
"BM_fast_crc8/16384",12693,55978.9,55886.9,ns,,,,,
"BM_fast_crc8/16384",12693,58078,56261.1,ns,,,,,
"BM_fast_crc8/16384",12693,57045,56066.1,ns,,,,,
"BM_fast_crc8/16384_mean",12693,56624.9,56047.7,ns,,,,,
"BM_fast_crc8/16384_median",12693,56301.8,56086.8,ns,,,,,
"BM_fast_crc8/16384_stddev",12693,886.332,179.759,ns,,,,,
"BM_fast_crc8/32768",6226,111914,111755,ns,,,,,
"BM_fast_crc8/32768",6226,112944,112878,ns,,,,,
"BM_fast_crc8/32768",6226,112215,112164,ns,,,,,
"BM_fast_crc8/32768",6226,111922,111872,ns,,,,,
"BM_fast_crc8/32768",6226,112019,111973,ns,,,,,
"BM_fast_crc8/32768",6226,113102,113024,ns,,,,,
"BM_fast_crc8/32768",6226,112113,112068,ns,,,,,
"BM_fast_crc8/32768",6226,111511,111463,ns,,,,,
"BM_fast_crc8/32768",6226,112719,112668,ns,,,,,
"BM_fast_crc8/32768",6226,111870,111823,ns,,,,,
"BM_fast_crc8/32768_mean",6226,112233,112169,ns,,,,,
"BM_fast_crc8/32768_median",6226,112066,112021,ns,,,,,
"BM_fast_crc8/32768_stddev",6226,517.305,517.357,ns,,,,,
"BM_fast_crc8/65536",3124,222503,222408,ns,,,,,
"BM_fast_crc8/65536",3124,225133,224992,ns,,,,,
"BM_fast_crc8/65536",3124,223030,222932,ns,,,,,
"BM_fast_crc8/65536",3124,222301,222205,ns,,,,,
"BM_fast_crc8/65536",3124,226104,226003,ns,,,,,
"BM_fast_crc8/65536",3124,222731,222630,ns,,,,,
"BM_fast_crc8/65536",3124,223229,223131,ns,,,,,
"BM_fast_crc8/65536",3124,221712,221620,ns,,,,,
"BM_fast_crc8/65536",3124,223032,222932,ns,,,,,
"BM_fast_crc8/65536",3124,221649,221557,ns,,,,,
"BM_fast_crc8/65536_mean",3124,223143,223041,ns,,,,,
"BM_fast_crc8/65536_median",3124,222881,222781,ns,,,,,
"BM_fast_crc8/65536_stddev",3124,1427.04,1418.27,ns,,,,,
"BM_fast_crc8/131072",1537,450236,449974,ns,,,,,
"BM_fast_crc8/131072",1537,449408,449138,ns,,,,,
"BM_fast_crc8/131072",1537,445566,445373,ns,,,,,
"BM_fast_crc8/131072",1537,445986,445778,ns,,,,,
"BM_fast_crc8/131072",1537,445221,445035,ns,,,,,
"BM_fast_crc8/131072",1537,443245,443050,ns,,,,,
"BM_fast_crc8/131072",1537,443829,443652,ns,,,,,
"BM_fast_crc8/131072",1537,443098,442916,ns,,,,,
"BM_fast_crc8/131072",1537,452855,452638,ns,,,,,
"BM_fast_crc8/131072",1537,443107,442923,ns,,,,,
"BM_fast_crc8/131072_mean",1537,446255,446048,ns,,,,,
"BM_fast_crc8/131072_median",1537,445393,445204,ns,,,,,
"BM_fast_crc8/131072_stddev",1537,3428.26,3403.32,ns,,,,,
"BM_fast_crc8/262144",782,898289,897851,ns,,,,,
"BM_fast_crc8/262144",782,908816,908279,ns,,,,,
"BM_fast_crc8/262144",782,897418,897013,ns,,,,,
"BM_fast_crc8/262144",782,895074,894684,ns,,,,,
"BM_fast_crc8/262144",782,893202,892794,ns,,,,,
"BM_fast_crc8/262144",782,897827,897442,ns,,,,,
"BM_fast_crc8/262144",782,899965,899576,ns,,,,,
"BM_fast_crc8/262144",782,897350,896959,ns,,,,,
"BM_fast_crc8/262144",782,889991,889601,ns,,,,,
"BM_fast_crc8/262144",782,900492,900101,ns,,,,,
"BM_fast_crc8/262144_mean",782,897842,897430,ns,,,,,
"BM_fast_crc8/262144_median",782,897622,897227,ns,,,,,
"BM_fast_crc8/262144_stddev",782,4982.15,4947.89,ns,,,,,
"BM_fast_crc8_BigO",,3.42031,3.41864,N,,,,,
"BM_fast_crc8_RMS",,0.014616,0.0143672,,,,,,
